
/**
 * insert user
 * usually you would use "random.uuid()" for uuid inserts, we we need references and therefore we use some uuid strings
 */
INSERT INTO user_entity (user_uuid, name, email, ip) VALUES ('c848cad7c3b2499a96888fb2a261313b', 'nik n', 'nik_n@me.com', '102.168.2.1');
INSERT INTO user_entity (user_uuid, name, email, ip) VALUES ('23c61362911e4438876507b019949570', 'stefe', 'stefe@me.com', '12.16.22.22');
INSERT INTO user_entity (user_uuid, name, email, ip) VALUES (random_uuid(), 'anyto', 'anyto@me.com', '192.18.22.5');

/**
 * insert tags
 */
INSERT INTO tag_entity (tag_uuid, tag_name) VALUES ('2D1EBC5B7D2741979CF0E84451C5BBB1', 'promoted');
INSERT INTO tag_entity (tag_uuid, tag_name) VALUES ('27497c552d0e4e8d88c68ad2721d94c7', 'featured');

/**
 * insert products
 */
INSERT INTO product_entity (product_uuid, user_uuid, name, number_of_downloads, description) VALUES ('8650caf1f023480895f7322af55fb163', 'c848cad7c3b2499a96888fb2a261313b', 'product  1', 125, 'Obacht! Dem flügge Sättigungsbeilage. Bagage und Waldschrat betören hochnäsig Augenschmaus. Dem blindwütig Ohrenschmaus festnageln. Das fatal Schwedenfilm. Des ausgemergelt Gemächt bauchpinseln. Hochstapler und Geschmeide verhaspeln altbacken Damenbart. Franzosenkrankheit und Lümmeltüte katzbuckeln bierernst Haudegen. Die Schabracke schlampampen des fidel Absacker. Fressalien und Eisbein anschwärzen bräsig Begrüßungsgeld. Das hanebüchen Jubelperser. Mumpitz und Libero abkupfern töricht Flegel. Dem blümerant Gedudel duellieren. Dem pfundig Aue frohlocken. Ei der Daus!');
INSERT INTO product_entity (product_uuid, user_uuid, name, number_of_downloads, description) VALUES ('14144bb2892f4657bcd09ead9066f92a', 'c848cad7c3b2499a96888fb2a261313b', 'product  2', 125, 'Obacht! Dem flügge Sättigungsbeilage. Bagage und Waldschrat betören hochnäsig Augenschmaus. Dem blindwütig Ohrenschmaus festnageln. Das fatal Schwedenfilm. Des ausgemergelt Gemächt bauchpinseln. Hochstapler und Geschmeide verhaspeln altbacken Damenbart. Franzosenkrankheit und Lümmeltüte katzbuckeln bierernst Haudegen. Die Schabracke schlampampen des fidel Absacker. Fressalien und Eisbein anschwärzen bräsig Begrüßungsgeld. Das hanebüchen Jubelperser. Mumpitz und Libero abkupfern töricht Flegel. Dem blümerant Gedudel duellieren. Dem pfundig Aue frohlocken. Ei der Daus!');
INSERT INTO product_entity (product_uuid, user_uuid, name, number_of_downloads, description) VALUES ('a625e6f431ea49beb71eeee54e283c43', 'c848cad7c3b2499a96888fb2a261313b', 'product  3', 125, 'Obacht! Dem flügge Sättigungsbeilage. Bagage und Waldschrat betören hochnäsig Augenschmaus. Dem blindwütig Ohrenschmaus festnageln. Das fatal Schwedenfilm. Des ausgemergelt Gemächt bauchpinseln. Hochstapler und Geschmeide verhaspeln altbacken Damenbart. Franzosenkrankheit und Lümmeltüte katzbuckeln bierernst Haudegen. Die Schabracke schlampampen des fidel Absacker. Fressalien und Eisbein anschwärzen bräsig Begrüßungsgeld. Das hanebüchen Jubelperser. Mumpitz und Libero abkupfern töricht Flegel. Dem blümerant Gedudel duellieren. Dem pfundig Aue frohlocken. Ei der Daus!');
INSERT INTO product_entity (product_uuid, user_uuid, name, number_of_downloads, description) VALUES ('b90bb1f16f7e40a786a33675d4dea7c5', '23c61362911e4438876507b019949570', 'product  4', 125, 'Obacht! Dem flügge Sättigungsbeilage. Bagage und Waldschrat betören hochnäsig Augenschmaus. Dem blindwütig Ohrenschmaus festnageln. Das fatal Schwedenfilm. Des ausgemergelt Gemächt bauchpinseln. Hochstapler und Geschmeide verhaspeln altbacken Damenbart. Franzosenkrankheit und Lümmeltüte katzbuckeln bierernst Haudegen. Die Schabracke schlampampen des fidel Absacker. Fressalien und Eisbein anschwärzen bräsig Begrüßungsgeld. Das hanebüchen Jubelperser. Mumpitz und Libero abkupfern töricht Flegel. Dem blümerant Gedudel duellieren. Dem pfundig Aue frohlocken. Ei der Daus!');
INSERT INTO product_entity (product_uuid, user_uuid, name, number_of_downloads, description) VALUES ('f9e90ce0a0e94296868b05314cb60b5a', '23c61362911e4438876507b019949570', 'product  5', 125, 'Obacht! Dem flügge Sättigungsbeilage. Bagage und Waldschrat betören hochnäsig Augenschmaus. Dem blindwütig Ohrenschmaus festnageln. Das fatal Schwedenfilm. Des ausgemergelt Gemächt bauchpinseln. Hochstapler und Geschmeide verhaspeln altbacken Damenbart. Franzosenkrankheit und Lümmeltüte katzbuckeln bierernst Haudegen. Die Schabracke schlampampen des fidel Absacker. Fressalien und Eisbein anschwärzen bräsig Begrüßungsgeld. Das hanebüchen Jubelperser. Mumpitz und Libero abkupfern töricht Flegel. Dem blümerant Gedudel duellieren. Dem pfundig Aue frohlocken. Ei der Daus!');
INSERT INTO product_entity (product_uuid, user_uuid, name, number_of_downloads, description) VALUES ('4c049192929d4a498f17c285928fc769', 'c848cad7c3b2499a96888fb2a261313b', 'product  6', 125, 'Obacht! Dem flügge Sättigungsbeilage. Bagage und Waldschrat betören hochnäsig Augenschmaus. Dem blindwütig Ohrenschmaus festnageln. Das fatal Schwedenfilm. Des ausgemergelt Gemächt bauchpinseln. Hochstapler und Geschmeide verhaspeln altbacken Damenbart. Franzosenkrankheit und Lümmeltüte katzbuckeln bierernst Haudegen. Die Schabracke schlampampen des fidel Absacker. Fressalien und Eisbein anschwärzen bräsig Begrüßungsgeld. Das hanebüchen Jubelperser. Mumpitz und Libero abkupfern töricht Flegel. Dem blümerant Gedudel duellieren. Dem pfundig Aue frohlocken. Ei der Daus!');
INSERT INTO product_entity (product_uuid, user_uuid, name, number_of_downloads, description) VALUES ('0d36b243aa29407e89d6666e164c5118', 'c848cad7c3b2499a96888fb2a261313b', 'product  7', 125, 'Obacht! Dem flügge Sättigungsbeilage. Bagage und Waldschrat betören hochnäsig Augenschmaus. Dem blindwütig Ohrenschmaus festnageln. Das fatal Schwedenfilm. Des ausgemergelt Gemächt bauchpinseln. Hochstapler und Geschmeide verhaspeln altbacken Damenbart. Franzosenkrankheit und Lümmeltüte katzbuckeln bierernst Haudegen. Die Schabracke schlampampen des fidel Absacker. Fressalien und Eisbein anschwärzen bräsig Begrüßungsgeld. Das hanebüchen Jubelperser. Mumpitz und Libero abkupfern töricht Flegel. Dem blümerant Gedudel duellieren. Dem pfundig Aue frohlocken. Ei der Daus!');
INSERT INTO product_entity (product_uuid, user_uuid, name, number_of_downloads, description) VALUES ('6370604e1d584e5bb1b297fd54fb59b5', 'c848cad7c3b2499a96888fb2a261313b', 'product  8', 125, 'Obacht! Dem flügge Sättigungsbeilage. Bagage und Waldschrat betören hochnäsig Augenschmaus. Dem blindwütig Ohrenschmaus festnageln. Das fatal Schwedenfilm. Des ausgemergelt Gemächt bauchpinseln. Hochstapler und Geschmeide verhaspeln altbacken Damenbart. Franzosenkrankheit und Lümmeltüte katzbuckeln bierernst Haudegen. Die Schabracke schlampampen des fidel Absacker. Fressalien und Eisbein anschwärzen bräsig Begrüßungsgeld. Das hanebüchen Jubelperser. Mumpitz und Libero abkupfern töricht Flegel. Dem blümerant Gedudel duellieren. Dem pfundig Aue frohlocken. Ei der Daus!');
INSERT INTO product_entity (product_uuid, user_uuid, name, number_of_downloads, description) VALUES ('105b789e84c545bf8722108533a81530', '23c61362911e4438876507b019949570', 'product  9', 125, 'Obacht! Dem flügge Sättigungsbeilage. Bagage und Waldschrat betören hochnäsig Augenschmaus. Dem blindwütig Ohrenschmaus festnageln. Das fatal Schwedenfilm. Des ausgemergelt Gemächt bauchpinseln. Hochstapler und Geschmeide verhaspeln altbacken Damenbart. Franzosenkrankheit und Lümmeltüte katzbuckeln bierernst Haudegen. Die Schabracke schlampampen des fidel Absacker. Fressalien und Eisbein anschwärzen bräsig Begrüßungsgeld. Das hanebüchen Jubelperser. Mumpitz und Libero abkupfern töricht Flegel. Dem blümerant Gedudel duellieren. Dem pfundig Aue frohlocken. Ei der Daus!');


/**
 * insert rating
 */
INSERT INTO rating_entity (rating_uuid, rating_as_number, user_uuid, product_uuid, rating_description) VALUES ('da647f2c3ff04c7b8a925e4a2ecb741f', 5, 'c848cad7c3b2499a96888fb2a261313b', '8650caf1f023480895f7322af55fb163', 'Lorem ipsum is a ratign description!');
INSERT INTO rating_entity (rating_uuid, rating_as_number, user_uuid, product_uuid, rating_description) VALUES ('4bbb09bf18914cce8c2c719a1d76f1f2', 6, '23c61362911e4438876507b019949570', '14144bb2892f4657bcd09ead9066f92a', 'Lorem ipsum is a ratign description!');
INSERT INTO rating_entity (rating_uuid, rating_as_number, user_uuid, product_uuid, rating_description) VALUES ('8b5126dd6f884e58b5bd4bc0a944a0dc', 7, 'c848cad7c3b2499a96888fb2a261313b', 'a625e6f431ea49beb71eeee54e283c43', 'Lorem ipsum is a ratign description!');
INSERT INTO rating_entity (rating_uuid, rating_as_number, user_uuid, product_uuid, rating_description) VALUES (random_uuid()					 , 8, '23c61362911e4438876507b019949570', 'b90bb1f16f7e40a786a33675d4dea7c5', 'Lorem ipsum is a ratign description!');
INSERT INTO rating_entity (rating_uuid, rating_as_number, user_uuid, product_uuid, rating_description) VALUES (random_uuid()					 , 9, 'c848cad7c3b2499a96888fb2a261313b', 'f9e90ce0a0e94296868b05314cb60b5a', 'Lorem ipsum is a ratign description!');
INSERT INTO rating_entity (rating_uuid, rating_as_number, user_uuid, product_uuid, rating_description) VALUES (random_uuid()					 , 3, '23c61362911e4438876507b019949570', '4c049192929d4a498f17c285928fc769', 'Lorem ipsum is a ratign description!');
INSERT INTO rating_entity (rating_uuid, rating_as_number, user_uuid, product_uuid, rating_description) VALUES (random_uuid()					 , 4, 'c848cad7c3b2499a96888fb2a261313b', '0d36b243aa29407e89d6666e164c5118', 'Lorem ipsum is a ratign description!');
INSERT INTO rating_entity (rating_uuid, rating_as_number, user_uuid, product_uuid, rating_description) VALUES (random_uuid()					 , 1, '23c61362911e4438876507b019949570', '6370604e1d584e5bb1b297fd54fb59b5', 'Lorem ipsum is a ratign description!');
INSERT INTO rating_entity (rating_uuid, rating_as_number, user_uuid, product_uuid, rating_description) VALUES (random_uuid()					 , 5, 'c848cad7c3b2499a96888fb2a261313b', '105b789e84c545bf8722108533a81530', 'Lorem ipsum is a ratign description!');
INSERT INTO rating_entity (rating_uuid, rating_as_number, user_uuid, product_uuid, rating_description) VALUES (random_uuid()					 , 9, '23c61362911e4438876507b019949570', '8650caf1f023480895f7322af55fb163', 'Lorem ipsum is a ratign description!');
INSERT INTO rating_entity (rating_uuid, rating_as_number, user_uuid, product_uuid, rating_description) VALUES (random_uuid()					 , 8, '23c61362911e4438876507b019949570', '14144bb2892f4657bcd09ead9066f92a', 'Lorem ipsum is a ratign description!');
INSERT INTO rating_entity (rating_uuid, rating_as_number, user_uuid, product_uuid, rating_description) VALUES (random_uuid()					 , 9, 'c848cad7c3b2499a96888fb2a261313b', 'a625e6f431ea49beb71eeee54e283c43', 'Lorem ipsum is a ratign description!');
INSERT INTO rating_entity (rating_uuid, rating_as_number, user_uuid, product_uuid, rating_description) VALUES (random_uuid()					 , 3, '23c61362911e4438876507b019949570', 'b90bb1f16f7e40a786a33675d4dea7c5', 'Lorem ipsum is a ratign description!');
INSERT INTO rating_entity (rating_uuid, rating_as_number, user_uuid, product_uuid, rating_description) VALUES (random_uuid()					 , 4, 'c848cad7c3b2499a96888fb2a261313b', 'f9e90ce0a0e94296868b05314cb60b5a', 'Lorem ipsum is a ratign description!');