
/**
 * insert user
 * usually you would use "random.uuid()" for uuid inserts, we we need references and therefore we use some uuid strings
 */
INSERT INTO user_entity (user_uuid, name, email, ip) VALUES ('c848cad7c3b2499a96888fb2a261313b', 'electr0nik', 'nik_n@me.com', '102.168.2.1');
INSERT INTO user_entity (user_uuid, name, email, ip) VALUES ('23c61362911e4438876507b019949570', 'nkolytschew', 'stefe@me.com', '12.16.22.22');
INSERT INTO user_entity (user_uuid, name, email, ip) VALUES ('6dd1c1473c53404386932f106b368a2e', 'klaus', 'klaus@me.com', '1.168.2.333');
INSERT INTO user_entity (user_uuid, name, email, ip) VALUES ('f804b83fbb8744a4be7aa3f6d5507bb3', 'some1', 'some1@me.com', '192.1.255.4');
INSERT INTO user_entity (user_uuid, name, email, ip) VALUES ('68f17babe606498dbd7ad237bef72967', 'anyto', 'anyto@me.com', '192.18.22.5');

/**
 * insert tags
 */
INSERT INTO tag_entity (tag_uuid, tag_name) VALUES ('2D1EBC5B7D2741979CF0E84451C5BBB1', 'promoted');
INSERT INTO tag_entity (tag_uuid, tag_name) VALUES ('27497c552d0e4e8d88c68ad2721d94c7', 'featured');

/**
 * insert products
 */
INSERT INTO product_entity (product_uuid, user_uuid, tag_uuid, name, number_of_downloads, creation_date, description) VALUES ('8650caf1f023480895f7322af55fb163', 'c848cad7c3b2499a96888fb2a261313b', '2D1EBC5B7D2741979CF0E84451C5BBB1', 'Spring Framework Configuration 1',   125, TO_TIMESTAMP('2016-02-13 03:21:34.372','yyyy-mm-dd hh24:mi.ss.ff'), 'Obacht! Das fatal Schwedenfilm. Des ausgemergelt Gemächt bauchpinseln. Hochstapler und Geschmeide verhaspeln altbacken Damenbart. Franzosenkrankheit und Lümmeltüte katzbuckeln bierernst Haudegen. Die Schabracke schlampampen des fidel Absacker. Fressalien und Eisbein anschwärzen bräsig Begrüßungsgeld. Das hanebüchen Jubelperser. Mumpitz und Libero abkupfern töricht Flegel. Dem blümerant Gedudel duellieren. Dem pfundig Aue frohlocken. Ei der Daus!');
INSERT INTO product_entity (product_uuid, user_uuid, tag_uuid, name, number_of_downloads, creation_date, description) VALUES ('14144bb2892f4657bcd09ead9066f92a', 'c848cad7c3b2499a96888fb2a261313b', '2D1EBC5B7D2741979CF0E84451C5BBB1', 'Spring Boot Config',    25, TO_TIMESTAMP('2015-02-13 23:22:34.372','yyyy-mm-dd hh24:mi.ss.ff'), 'Obacht! Dem flügge Sättigungsbeilage. Bagage und Waldschrat idel Absacker. Fressalien und Eisbein anschwärzen bräsig Begrüßungsgeld. Das hanebüchen Jubelperser. Mumpitz und Libero abkupfern töricht Flegel. Dem blümerant Gedudel duellieren. Dem pfundig Aue frohlocken. Ei der Daus!');
INSERT INTO product_entity (product_uuid, user_uuid, tag_uuid, name, number_of_downloads, creation_date, description) VALUES ('a625e6f431ea49beb71eeee54e283c43', 'c848cad7c3b2499a96888fb2a261313b', '2D1EBC5B7D2741979CF0E84451C5BBB1', 'Hibernate Config', 12125, TO_TIMESTAMP('2017-01-13 12:32:34.372','yyyy-mm-dd hh24:mi.ss.ff'), 'Fressalien und Eisbein anschwärzen bräsig Begrüßungsgeld. Das hanebüchen Jubelperser. Mumpitz und Libero abkupfern töricht Flegel. Dem blümerant Gedudel duellieren. Dem pfundig Aue frohlocken. Ei der Daus!');
INSERT INTO product_entity (product_uuid, user_uuid, tag_uuid, name, number_of_downloads, creation_date, description) VALUES ('b90bb1f16f7e40a786a33675d4dea7c5', '23c61362911e4438876507b019949570', '27497c552d0e4e8d88c68ad2721d94c7', 'Collection of Java EE Configs',  1125, TO_TIMESTAMP('2017-02-12 16:34:34.372','yyyy-mm-dd hh24:mi.ss.ff'), 'Obacht! Dem flügge SättigunGemächt bauchpinseln.');
INSERT INTO product_entity (product_uuid, user_uuid, tag_uuid, name, number_of_downloads, creation_date, description) VALUES ('f9e90ce0a0e94296868b05314cb60b5a', '23c61362911e4438876507b019949570', '2D1EBC5B7D2741979CF0E84451C5BBB1', 'Test config',     5, TO_TIMESTAMP('2017-02-11 17:45:34.372','yyyy-mm-dd hh24:mi.ss.ff'), 'Obacht! Dem flügge Sättiggemergelt Gemächt bauchpinseln. Hochstapler und Geschmeide verhaspeln altbacken Damenbart. Franzosenkrankheit und Lümmeltüte katzbuckeln bierernst Haudegen. Die Schabracke schlampampen des fidel Absacker. Ei der Daus!');
INSERT INTO product_entity (product_uuid, user_uuid, tag_uuid, name, number_of_downloads, creation_date, description) VALUES ('4c049192929d4a498f17c285928fc769', 'c848cad7c3b2499a96888fb2a261313b', '2D1EBC5B7D2741979CF0E84451C5BBB1', 'Spring Config',    12, TO_TIMESTAMP('2015-12-13 18:08:34.372','yyyy-mm-dd hh24:mi.ss.ff'), 'Obacht! Dem flügge Sättigungsbeilage. as hanebüchen Jubelperser. Mumpitz und Libero abkupfern töricht Flegel. Dem blümerant Gedudel duellieren. Dem pfundig Aue frohlocken. Ei der Daus!');
INSERT INTO product_entity (product_uuid, user_uuid, tag_uuid, name, number_of_downloads, creation_date, description) VALUES ('0d36b243aa29407e89d6666e164c5118', 'c848cad7c3b2499a96888fb2a261313b', '27497c552d0e4e8d88c68ad2721d94c7', 'JBoss Version 7.', 54125, TO_TIMESTAMP('2015-02-25 18:16:34.372','yyyy-mm-dd hh24:mi.ss.ff'), 'Obacht! Dem flügge Sättigungsbeilage. Bagage und Waldschrat betören hochnäsig Augenschmaus. Dem blindwütig Ohrenschmaus festnageln. Das fatal Schwedenfilm. Des ausgemergelt Gemächt bauchpinseln. Hochstapler und Geschmeide hanebüchen Jubelperser. Mumpitz und Libero abkupfern töricht Flegel. Dem blümerant Gedudel duellieren. Dem pfundig Aue frohlocken. Ei der Daus!');
INSERT INTO product_entity (product_uuid, user_uuid, tag_uuid, name, number_of_downloads, creation_date, description) VALUES ('6370604e1d584e5bb1b297fd54fb59b5', 'c848cad7c3b2499a96888fb2a261313b', '2D1EBC5B7D2741979CF0E84451C5BBB1', 'jboss version 8', 99125, TO_TIMESTAMP('2014-02-13 19:15:34.372','yyyy-mm-dd hh24:mi.ss.ff'), 'Obacht! Dem flügge Sättigungsbeilage. Bagage und Waldschrat betören hochnäsig Augenschmaus. Dem blindwütig Ohrenschmaus festnageln. Das fatal Schwedenfilm. Des ausgemergelt Gemächt bauchpinseln. Hochstapler und Geschmeichen Jubelperser. Mumpitz und Libero abkupfern töricht Flegel. Dem blümerant Gedudel duellieren. Dem pfundig Aue frohlocken. Ei der Daus!');
INSERT INTO product_entity (product_uuid, user_uuid, tag_uuid, name, number_of_downloads, creation_date, description) VALUES ('105b789e84c545bf8722108533a81530', '23c61362911e4438876507b019949570', '2D1EBC5B7D2741979CF0E84451C5BBB1', 'jBoss und Spring',  8025, TO_TIMESTAMP('2012-02-13 21:12:34.372','yyyy-mm-dd hh24:mi.ss.ff'), 'Eisbein anschwärzen bräsig Begrüßungsgeld. Das hanebüchen Jubelperser. Mumpitz und Libero abkupfern töricht Flegel. Dem blümerant Gedudel duellieren. Dem pfundig Aue frohlocken. Ei der Daus!');
INSERT INTO product_entity (product_uuid, user_uuid, tag_uuid, name, number_of_downloads, creation_date, description) VALUES (random_uuid()			    	    , '23c61362911e4438876507b019949570', '27497c552d0e4e8d88c68ad2721d94c7', 'wildfly custom app config',   925,                                                              now(), ' Das hanebüchen Jubelperser. Mumpitz und Libero abkupfern töricht Flegel. Dem blümerant Gedudel duellieren. Dem pfundig Aue frohlocken. Ei der Daus!');
INSERT INTO product_entity (product_uuid, user_uuid, tag_uuid, name, number_of_downloads, creation_date, description) VALUES (random_uuid()				        , 'c848cad7c3b2499a96888fb2a261313b', '27497c552d0e4e8d88c68ad2721d94c7', 'marktplatz config',  7725,                                                              now(), 'Obacht! Dem flügge Sättigungsbeilage. Bagage und Waldschrat betören hochnäsig Augenschmaus. Dem blindwütig Ohrenschmaus festnageln. Das fatal Schwedenfilm. Des ausgemergelt Gemächt bauchpinse!');


/**
 * insert rating
 */
INSERT INTO rating_entity (rating_uuid, rating_as_number, user_uuid, product_uuid, rating_description) VALUES ('da647f2c3ff04c7b8a925e4a2ecb741f', 5, 'c848cad7c3b2499a96888fb2a261313b', '8650caf1f023480895f7322af55fb163', 'Lorem ipsum dolor sit amet, consetetur sadipscing elitr, sed diam nonumy eirmod tempor invidunt ut labore et dolore magna aliquyam erat, sed diam voluptua. At vero eos et accusam et justo duo dolores et ea rebum. Stet clita kasd gubergren, no sea takimata sanctus est Lorem ipsum dolor sit amet. Lorem ipsum dolor sit amet, consetetur sadipscing elitr, sed diam nonumy eirmod tempor invidunt ut labore et dolore magna aliquyam erat, sed diam voluptua. At vero eos et accusam et justo duo dolores et ea rebum. Stet clita kasd gubergren, no sea takimata sanctus est Lorem ipsum dolor sit amet. Lorem ipsum dolor sit amet, consetetur sadipscing elitr, sed diam nonumy eirmod tempor invidunt ut labore et dolore magna aliquyam erat, sed diam voluptua. At vero eos et accusam et justo duo dolores et ea rebum. Stet clita kasd gubergren, no sea takimata sanctus est Lorem ipsum dolor sit amet. !');
INSERT INTO rating_entity (rating_uuid, rating_as_number, user_uuid, product_uuid, rating_description) VALUES ('4bbb09bf18914cce8c2c719a1d76f1f2', 6, '23c61362911e4438876507b019949570', '14144bb2892f4657bcd09ead9066f92a', 'Duis autem vel eum iriure dolor in hendrerit in vulputate velit esse molestie consequat, vel illum dolore eu feugiat nulla facilisis at vero eros et accumsan et iusto odio dignissim qui blandit praesent luptatum zzril delenit augue duis dolore te feugait nulla facilisi. Lorem ipsum dolor sit amet, consectetuer adipiscing elit, sed diam nonummy nibh euismod tincidunt ut laoreet dolore magna aliquam erat volutpat. !');
INSERT INTO rating_entity (rating_uuid, rating_as_number, user_uuid, product_uuid, rating_description) VALUES ('8b5126dd6f884e58b5bd4bc0a944a0dc', 7, 'c848cad7c3b2499a96888fb2a261313b', 'a625e6f431ea49beb71eeee54e283c43', 'Ut wisi enim ad minim veniam, quis nostrud exerci tation ullamcorper suscipit lobortis nisl ut aliquip ex ea commodo consequat. Duis autem vel eum iriure dolor in hendrerit in vulputate velit esse molestie consequat, vel illum dolore eu feugiat nulla facilisis at vero eros et accumsan et iusto odio dignissim qui blandit praesent luptatum zzril delenit augue duis dolore te feugait nulla facilisi. !');
INSERT INTO rating_entity (rating_uuid, rating_as_number, user_uuid, product_uuid, rating_description) VALUES (random_uuid()					 , 8, '23c61362911e4438876507b019949570', 'b90bb1f16f7e40a786a33675d4dea7c5', 'Nam liber tempor cum soluta nobis eleifend option congue nihil imperdiet doming id quod mazim placerat facer possim assum. Lorem ipsum dolor sit amet, consectetuer adipiscing elit, sed diam nonummy nibh euismod tincidunt ut laoreet dolore magna aliquam erat volutpat. Ut wisi enim ad minim veniam, quis nostrud exerci tation ullamcorper suscipit lobortis nisl ut aliquip ex ea commodo consequat. !');
INSERT INTO rating_entity (rating_uuid, rating_as_number, user_uuid, product_uuid, rating_description) VALUES (random_uuid()					 , 9, 'c848cad7c3b2499a96888fb2a261313b', 'f9e90ce0a0e94296868b05314cb60b5a', 'Duis autem vel eum iriure dolor in hendrerit in vulputate velit esse molestie consequat, vel illum dolore eu feugiat nulla facilisis. !');
INSERT INTO rating_entity (rating_uuid, rating_as_number, user_uuid, product_uuid, rating_description) VALUES (random_uuid()					 , 3, '23c61362911e4438876507b019949570', '4c049192929d4a498f17c285928fc769', 'At vero eos et accusam et justo duo dolores et ea rebum. Stet clita kasd gubergren, no sea takimata sanctus est Lorem ipsum dolor sit amet. Lorem ipsum dolor sit amet, consetetur sadipscing elitr, sed diam nonumy eirmod tempor invidunt ut labore et dolore magna aliquyam erat, sed diam voluptua. At vero eos et accusam et justo duo dolores et ea rebum. Stet clita kasd gubergren, no sea takimata sanctus est Lorem ipsum dolor sit amet. Lorem ipsum dolor sit amet, consetetur sadipscing elitr, At accusam aliquyam diam diam dolore dolores duo eirmod eos erat, et nonumy sed tempor et et invidunt justo labore Stet clita ea et gubergren, kasd magna no rebum. sanctus sea sed takimata ut vero voluptua. est Lorem ipsum dolor sit amet. Lorem ipsum dolor sit amet, consetetur sadipscing elitr, sed diam nonumy eirmod tempor invidunt ut labore et dolore magna aliquyam erat. !');
INSERT INTO rating_entity (rating_uuid, rating_as_number, user_uuid, product_uuid, rating_description) VALUES (random_uuid()					 , 4, 'c848cad7c3b2499a96888fb2a261313b', '0d36b243aa29407e89d6666e164c5118', 'Consetetur sadipscing elitr, sed diam nonumy eirmod tempor invidunt ut labore et dolore magna aliquyam erat, sed diam voluptua. At vero eos et accusam et justo duo dolores et ea rebum. Stet clita kasd gubergren, no sea takimata sanctus est Lorem ipsum dolor sit amet. Lorem ipsum dolor sit amet, consetetur sadipscing elitr, sed diam nonumy eirmod tempor invidunt ut labore et dolore magna aliquyam erat, sed diam voluptua. At vero eos et accusam et justo duo dolores et ea rebum. Stet clita kasd gubergren, no sea takimata sanctus est Lorem ipsum dolor sit amet. Lorem ipsum dolor sit amet, consetetur sadipscing elitr, sed diam nonumy eirmod tempor invidunt ut labore et dolore magna aliquyam erat, sed diam voluptua. At vero eos et accusam et justo duo dolores et ea rebum. Stet clita kasd gubergren, no sea takimata sanctus. !');
INSERT INTO rating_entity (rating_uuid, rating_as_number, user_uuid, product_uuid, rating_description) VALUES (random_uuid()					 , 1, '23c61362911e4438876507b019949570', '6370604e1d584e5bb1b297fd54fb59b5', 'Lorem ipsum dolor sit amet, consetetur sadipscing elitr, sed diam nonumy eirmod tempor invidunt ut labore et dolore magna aliquyam erat, sed diam voluptua. At vero eos et accusam et justo duo dolores et ea rebum. Stet clita kasd gubergren, no sea takimata sanctus est Lorem ipsum dolor sit amet. Lorem ipsum dolor sit amet, consetetur sadipscing elitr, sed diam nonumy eirmod tempor invidunt ut labore et dolore magna aliquyam erat, sed diam voluptua. At vero eos et accusam et justo duo dolores et ea rebum. Stet clita kasd gubergren, no sea takimata sanctus est Lorem ipsum dolor sit amet. Lorem ipsum dolor sit amet, consetetur sadipscing elitr, sed diam nonumy eirmod tempor invidunt ut labore et dolore magna aliquyam erat, sed diam voluptua. At vero eos et accusam et justo duo dolores et ea rebum. Stet clita kasd gubergren, no sea takimata sanctus est Lorem ipsum dolor sit amet. !');
INSERT INTO rating_entity (rating_uuid, rating_as_number, user_uuid, product_uuid, rating_description) VALUES (random_uuid()					 , 5, 'c848cad7c3b2499a96888fb2a261313b', '105b789e84c545bf8722108533a81530', 'Duis autem vel eum iriure dolor in hendrerit in vulputate velit esse molestie consequat, vel illum dolore eu feugiat nulla facilisis at vero eros et accumsan et iusto odio dignissim qui blandit praesent luptatum zzril delenit augue duis dolore te feugait nulla facilisi. Lorem ipsum dolor sit amet, consectetuer adipiscing elit, sed diam nonummy nibh euismod tincidunt ut laoreet dolore magna aliquam erat volutpat. !');
INSERT INTO rating_entity (rating_uuid, rating_as_number, user_uuid, product_uuid, rating_description) VALUES (random_uuid()					 , 9, '23c61362911e4438876507b019949570', '8650caf1f023480895f7322af55fb163', 'Ut wisi enim ad minim veniam, quis nostrud exerci tation ullamcorper suscipit lobortis nisl ut aliquip ex ea commodo consequat. Duis autem vel eum iriure dolor in hendrerit in vulputate velit esse molestie consequat, vel illum dolore eu feugiat nulla facilisis at vero eros et accumsan et iusto odio dignissim qui blandit praesent luptatum zzril delenit augue duis dolore te feugait nulla facilisi. !');
INSERT INTO rating_entity (rating_uuid, rating_as_number, user_uuid, product_uuid, rating_description) VALUES (random_uuid()					 , 8, '23c61362911e4438876507b019949570', '14144bb2892f4657bcd09ead9066f92a', 'Nam liber tempor cum soluta nobis eleifend option congue nihil imperdiet doming id quod mazim placerat facer possim assum. Lorem ipsum dolor sit amet, consectetuer adipiscing elit, sed diam nonummy nibh euismod tincidunt ut laoreet dolore magna aliquam erat volutpat. Ut wisi enim ad minim veniam, quis nostrud exerci tation ullamcorper suscipit lobortis nisl ut aliquip ex ea commodo consequat. !');
INSERT INTO rating_entity (rating_uuid, rating_as_number, user_uuid, product_uuid, rating_description) VALUES (random_uuid()					 , 9, 'c848cad7c3b2499a96888fb2a261313b', 'a625e6f431ea49beb71eeee54e283c43', 'Duis autem vel eum iriure dolor in hendrerit in vulputate velit esse molestie consequat, vel illum dolore eu feugiat nulla facilisis. !');
INSERT INTO rating_entity (rating_uuid, rating_as_number, user_uuid, product_uuid, rating_description) VALUES (random_uuid()					 , 3, '23c61362911e4438876507b019949570', 'b90bb1f16f7e40a786a33675d4dea7c5', 'At vero eos et accusam et justo duo dolores et ea rebum. Stet clita kasd gubergren, no sea takimata sanctus est Lorem ipsum dolor sit amet. Lorem ipsum dolor sit amet, consetetur sadipscing elitr, sed diam nonumy eirmod tempor invidunt ut labore et dolore magna aliquyam erat, sed diam voluptua. At vero eos et accusam et justo duo dolores et ea rebum. Stet clita kasd gubergren, no sea takimata sanctus est Lorem ipsum dolor sit amet. Lorem ipsum dolor sit amet, consetetur sadipscing elitr, At accusam aliquyam diam diam dolore dolores duo eirmod eos erat, et nonumy sed tempor et et invidunt justo labore Stet clita ea et gubergren, kasd magna no rebum. sanctus sea sed takimata ut vero voluptua. est Lorem ipsum dolor sit amet. Lorem ipsum dolor sit amet, consetetur sadipscing elitr, sed diam nonumy eirmod tempor invidunt ut labore et dolore magna aliquyam erat. !');
INSERT INTO rating_entity (rating_uuid, rating_as_number, user_uuid, product_uuid, rating_description) VALUES (random_uuid()					 , 4, 'c848cad7c3b2499a96888fb2a261313b', 'f9e90ce0a0e94296868b05314cb60b5a', 'Consetetur sadipscing elitr, sed diam nonumy eirmod tempor invidunt ut labore et dolore magna aliquyam erat, sed diam voluptua. At vero eos et accusam et justo duo dolores et ea rebum. Stet clita kasd gubergren, no sea takimata sanctus est Lorem ipsum dolor sit amet. Lorem ipsum dolor sit amet, consetetur sadipscing elitr, sed diam nonumy eirmod tempor invidunt ut labore et dolore magna aliquyam erat, sed diam voluptua. At vero eos et accusam et justo duo dolores et ea rebum. Stet clita kasd gubergren, no sea takimata sanctus est Lorem ipsum dolor sit amet. Lorem ipsum dolor sit amet, consetetur sadipscing elitr, sed diam nonumy eirmod tempor invidunt ut labore et dolore magna aliquyam erat, sed diam voluptua. At vero eos et accusam et justo duo dolores et ea rebum. Stet clita kasd gubergren, no sea takimata sanctus. !');
INSERT INTO rating_entity (rating_uuid, rating_as_number, user_uuid, product_uuid, rating_description) VALUES (random_uuid()					 , 1, '23c61362911e4438876507b019949570', '4c049192929d4a498f17c285928fc769', 'Duis autem vel eum iriure dolor in hendrerit in vulputate velit esse molestie consequat, vel illum dolore eu feugiat ');
INSERT INTO rating_entity (rating_uuid, rating_as_number, user_uuid, product_uuid, rating_description) VALUES (random_uuid()					 , 5, 'c848cad7c3b2499a96888fb2a261313b', '0d36b243aa29407e89d6666e164c5118', 'Duis autem vel eum iriure dolor in hendrerit in vulputate velit esse molestie consequat, vel illum dolore eu feugiat nulla fa');
INSERT INTO rating_entity (rating_uuid, rating_as_number, user_uuid, product_uuid, rating_description) VALUES (random_uuid()					 , 9, '23c61362911e4438876507b019949570', '6370604e1d584e5bb1b297fd54fb59b5', 'At vero eos et accusam et justo duo dolores et ea rebum. Stet clita kasd gubergren, no sea takimata sanctus est Lorem ipsum d');

